{"cameraMode":{"drawMode":0,"name":"Shaded","section":"Shading Mode"},"sceneLighting":false,"audioPlay":false,"sceneViewState":{"m_AlwaysRefresh":false,"showFog":true,"showSkybox":false,"showFlares":true,"showImageEffects":true,"showParticleSystems":true,"showVisualEffectGraphs":true,"m_FxEnabled":true},"in2DMode":false,"pivot":{"x":-7.897431373596191,"y":4.156380653381348,"z":13.957986831665039},"rotation":{"x":0.3092551529407501,"y":-0.008006639778614045,"z":0.002601483603939414,"w":0.9509925842285156},"size":7.797088623046875,"orthographic":false}