{"cameraMode":{"drawMode":0,"name":"Shaded","section":"Shading Mode"},"sceneLighting":false,"audioPlay":false,"sceneViewState":{"m_AlwaysRefresh":false,"showFog":true,"showSkybox":false,"showFlares":true,"showImageEffects":true,"showParticleSystems":true,"showVisualEffectGraphs":true,"m_FxEnabled":true},"in2DMode":false,"pivot":{"x":7.282721996307373,"y":5.460756778717041,"z":-0.46695899963378909},"rotation":{"x":-0.003236181568354368,"y":0.9185978770256043,"z":0.005176057107746601,"w":0.3948562443256378},"size":8.042951583862305,"orthographic":false}