{"cameraMode":{"drawMode":0,"name":"Shaded","section":"Shading Mode"},"sceneLighting":true,"audioPlay":false,"sceneViewState":{"m_AlwaysRefresh":false,"showFog":true,"showSkybox":true,"showFlares":true,"showImageEffects":true,"showParticleSystems":true,"showVisualEffectGraphs":true,"m_FxEnabled":true},"in2DMode":false,"pivot":{"x":37.293514251708987,"y":-3.060789108276367,"z":-0.27587413787841799},"rotation":{"x":0.07115746289491654,"y":0.6829376220703125,"z":-0.06687754392623902,"w":0.723923921585083},"size":46.512786865234378,"orthographic":false}