{"cameraMode":{"drawMode":0,"name":"Shaded","section":"Shading Mode"},"sceneLighting":true,"audioPlay":false,"sceneViewState":{"m_AlwaysRefresh":false,"showFog":true,"showSkybox":true,"showFlares":true,"showImageEffects":true,"showParticleSystems":true,"showVisualEffectGraphs":true,"m_FxEnabled":true},"in2DMode":false,"pivot":{"x":-5.790718078613281,"y":0.24572014808654786,"z":13.288626670837403},"rotation":{"x":0.08717664331197739,"y":0.44137027859687807,"z":-0.043025001883506778,"w":0.892141580581665},"size":10.894100189208985,"orthographic":false}