{"cameraMode":{"drawMode":0,"name":"Shaded","section":"Shading Mode"},"sceneLighting":true,"audioPlay":false,"sceneViewState":{"m_AlwaysRefresh":false,"showFog":true,"showSkybox":true,"showFlares":true,"showImageEffects":true,"showParticleSystems":true,"showVisualEffectGraphs":true,"m_FxEnabled":true},"in2DMode":false,"pivot":{"x":218.60292053222657,"y":1128.4151611328125,"z":1265.7301025390625},"rotation":{"x":-0.11318337172269821,"y":0.024696368724107744,"z":0.0021401806734502317,"w":0.993268609046936},"size":903.2770385742188,"orthographic":false}