{"cameraMode":{"drawMode":0,"name":"Shaded","section":"Shading Mode"},"sceneLighting":true,"audioPlay":false,"sceneViewState":{"m_AlwaysRefresh":false,"showFog":true,"showSkybox":true,"showFlares":true,"showImageEffects":true,"showParticleSystems":true,"showVisualEffectGraphs":true,"m_FxEnabled":true},"in2DMode":false,"pivot":{"x":1.3462729454040528,"y":2.9998934268951418,"z":7.942281723022461},"rotation":{"x":0.1018194705247879,"y":0.016392162069678308,"z":-0.0017083389684557915,"w":0.9947181940078735},"size":4.932852745056152,"orthographic":false}