{"cameraMode":{"drawMode":0,"name":"Shaded","section":"Shading Mode"},"sceneLighting":true,"audioPlay":false,"sceneViewState":{"m_AlwaysRefresh":false,"showFog":true,"showSkybox":true,"showFlares":true,"showImageEffects":true,"showParticleSystems":true,"showVisualEffectGraphs":true,"m_FxEnabled":true},"in2DMode":false,"pivot":{"x":8.784879684448243,"y":15.562313079833985,"z":132.85244750976563},"rotation":{"x":0.01379575114697218,"y":0.055723387748003009,"z":-0.000588771014008671,"w":0.9983452558517456},"size":18.96971321105957,"orthographic":false}