{"cameraMode":{"drawMode":0,"name":"Shaded","section":"Shading Mode"},"sceneLighting":true,"audioPlay":false,"sceneViewState":{"m_AlwaysRefresh":false,"showFog":true,"showSkybox":true,"showFlares":true,"showImageEffects":true,"showParticleSystems":true,"showVisualEffectGraphs":true,"m_FxEnabled":true},"in2DMode":false,"pivot":{"x":23.25334358215332,"y":-1.2315144538879395,"z":163.62954711914063},"rotation":{"x":0.11306878924369812,"y":0.2990913391113281,"z":-0.035511236637830737,"w":0.9467166066169739},"size":13.78348445892334,"orthographic":false}