{"cameraMode":{"drawMode":0,"name":"Shaded","section":"Shading Mode"},"sceneLighting":true,"audioPlay":false,"sceneViewState":{"m_AlwaysRefresh":false,"showFog":true,"showSkybox":true,"showFlares":true,"showImageEffects":true,"showParticleSystems":true,"showVisualEffectGraphs":true,"m_FxEnabled":true},"in2DMode":false,"pivot":{"x":49.078697204589847,"y":-114.60781860351563,"z":1061.1990966796875},"rotation":{"x":-0.056942954659461978,"y":-0.03173705190420151,"z":0.0018352029146626592,"w":-0.9978071451187134},"size":550.8887329101563,"orthographic":false}