{"cameraMode":{"drawMode":0,"name":"Shaded","section":"Shading Mode"},"sceneLighting":true,"audioPlay":false,"sceneViewState":{"m_AlwaysRefresh":false,"showFog":true,"showSkybox":true,"showFlares":true,"showImageEffects":true,"showParticleSystems":true,"showVisualEffectGraphs":true,"m_FxEnabled":true},"in2DMode":false,"pivot":{"x":17.10664176940918,"y":1.5992618799209595,"z":235.5980224609375},"rotation":{"x":0.014971154741942883,"y":0.05389747768640518,"z":-0.0009405809105373919,"w":0.998173713684082},"size":102.67790222167969,"orthographic":false}