{"cameraMode":{"drawMode":0,"name":"Shaded","section":"Shading Mode"},"sceneLighting":true,"audioPlay":false,"sceneViewState":{"m_AlwaysRefresh":false,"showFog":true,"showSkybox":true,"showFlares":true,"showImageEffects":true,"showParticleSystems":true,"showVisualEffectGraphs":true,"m_FxEnabled":true},"in2DMode":false,"pivot":{"x":18.3592529296875,"y":6.663431644439697,"z":115.00567626953125},"rotation":{"x":0.08838135004043579,"y":-0.008364982903003693,"z":0.0007424682262353599,"w":0.9960527420043945},"size":8.201634407043457,"orthographic":true}