{"cameraMode":{"drawMode":0,"name":"Shaded","section":"Shading Mode"},"sceneLighting":true,"audioPlay":false,"sceneViewState":{"m_AlwaysRefresh":false,"showFog":true,"showSkybox":true,"showFlares":true,"showImageEffects":true,"showParticleSystems":true,"showVisualEffectGraphs":true,"m_FxEnabled":true},"in2DMode":false,"pivot":{"x":81.3722915649414,"y":1.8271784782409669,"z":318.70458984375},"rotation":{"x":-0.0017561470158398152,"y":-0.18695728480815888,"z":0.00043197599006816745,"w":-0.9822263717651367},"size":93.88185119628906,"orthographic":false}