{"cameraMode":{"drawMode":0,"name":"Shaded","section":"Shading Mode"},"sceneLighting":true,"audioPlay":false,"sceneViewState":{"m_AlwaysRefresh":false,"showFog":true,"showSkybox":true,"showFlares":true,"showImageEffects":true,"showParticleSystems":true,"showVisualEffectGraphs":true,"m_FxEnabled":true},"in2DMode":false,"pivot":{"x":1205.5213623046875,"y":-156.3292236328125,"z":2952.81494140625},"rotation":{"x":0.12494107335805893,"y":-0.007033507339656353,"z":0.0008616156410425901,"w":0.992220938205719},"size":2888.819580078125,"orthographic":false}